{
  "version": 1,
  "author": "Anonymous maker",
  "editor": "wokwi",
  "parts": [
    { "type": "board-esp32-devkit-c-v4", "id": "esp", "top": 0, "left": 0, "attrs": {} },
    {
      "type": "wokwi-lcd1602",
      "id": "lcd1",
      "top": -204.8,
      "left": -71.2,
      "attrs": { "pins": "i2c" }
    },
    {
      "type": "wokwi-led",
      "id": "led1",
      "top": 44.4,
      "left": -226.6,
      "attrs": { "color": "red" }
    },
    {
      "type": "wokwi-pushbutton",
      "id": "btn1",
      "top": 284.6,
      "left": -115.2,
      "attrs": { "color": "green" }
    },
    {
      "type": "wokwi-pushbutton",
      "id": "btn2",
      "top": 399.8,
      "left": -115.2,
      "attrs": { "color": "green" }
    },
    {
      "type": "wokwi-pushbutton",
      "id": "btn3",
      "top": 342.2,
      "left": -115.2,
      "attrs": { "color": "green" }
    },
    {
      "type": "wokwi-pushbutton",
      "id": "btn4",
      "top": 457.4,
      "left": -115.2,
      "attrs": { "color": "green" }
    },
    { "type": "board-ds18b20", "id": "temp1", "top": -49.13, "left": 234.48, "attrs": {} },
    { "type": "wokwi-relay-module", "id": "relay1", "top": 86.6, "left": -134.4, "attrs": {} },
    { "type": "wokwi-relay-module", "id": "relay2", "top": 173, "left": -134.4, "attrs": {} },
    {
      "type": "wokwi-resistor",
      "id": "r1",
      "top": 80.75,
      "left": -201.6,
      "attrs": { "value": "330" }
    },
    { "type": "wokwi-photoresistor-sensor", "id": "ldr1", "top": 128, "left": 240.8, "attrs": {} },
    {
      "type": "wokwi-led",
      "id": "led2",
      "top": 159.6,
      "left": -322.6,
      "attrs": { "color": "magenta" }
    },
    {
      "type": "wokwi-resistor",
      "id": "r2",
      "top": 195.95,
      "left": -278.4,
      "attrs": { "value": "330" }
    },
    { "type": "wokwi-vcc", "id": "vcc1", "top": -95.24, "left": -806.4, "attrs": {} },
    {
      "type": "wokwi-resistor",
      "id": "r3",
      "top": 483.95,
      "left": -182.4,
      "attrs": { "value": "330" }
    },
    {
      "type": "wokwi-resistor",
      "id": "r4",
      "top": 426.35,
      "left": -182.4,
      "attrs": { "value": "330" }
    },
    {
      "type": "wokwi-resistor",
      "id": "r5",
      "top": 368.75,
      "left": -182.4,
      "attrs": { "value": "330" }
    },
    {
      "type": "wokwi-resistor",
      "id": "r6",
      "top": 311.15,
      "left": -182.4,
      "attrs": { "value": "330" }
    }
  ],
  "connections": [
    [ "esp:TX", "$serialMonitor:RX", "", [] ],
    [ "esp:RX", "$serialMonitor:TX", "", [] ],
    [ "lcd1:GND", "esp:GND.2", "black", [ "h-57.6", "v144", "h240", "v57.6", "h-9.6" ] ],
    [ "lcd1:VCC", "esp:3V3", "red", [ "h-48", "v124.9", "h0", "v67.2" ] ],
    [ "lcd1:SDA", "esp:21", "green", [ "h-38.4", "v115.4", "h230.4", "v105.6" ] ],
    [ "lcd1:SCL", "esp:22", "#8f4814", [ "h-28.8", "v96.3", "h230.4", "v96" ] ],
    [ "led1:A", "r1:1", "green", [ "v0" ] ],
    [ "r1:2", "esp:3V3", "red", [ "v0" ] ],
    [ "relay1:VCC", "relay2:VCC", "red", [ "h0" ] ],
    [ "relay1:VCC", "r1:2", "red", [ "h0" ] ],
    [ "relay1:GND", "relay2:GND", "black", [ "h0" ] ],
    [ "esp:GND.1", "relay1:GND", "black", [ "h0" ] ],
    [ "relay1:IN", "esp:15", "yellow", [ "h-19.2", "v115", "h268.8", "v-67.2" ] ],
    [ "led1:C", "relay1:NO", "black", [ "v0", "h-9.2", "v-38.4", "h201.6" ] ],
    [ "relay1:COM", "esp:GND.1", "black", [ "h1.2", "v37" ] ],
    [ "r2:1", "led2:A", "green", [ "v0" ] ],
    [ "led2:C", "relay2:COM", "black", [ "v0", "h-18.8", "v-38.4", "h307.2" ] ],
    [ "relay2:NO", "esp:GND.1", "green", [ "h10.8", "v-59.4" ] ],
    [ "relay2:IN", "esp:2", "magenta", [ "h0", "v38.2", "h259.2", "v-86.4" ] ],
    [ "r6:1", "r5:1", "red", [ "v0" ] ],
    [ "r4:1", "r5:1", "red", [ "v0" ] ],
    [ "r3:1", "r4:1", "red", [ "v0" ] ],
    [ "btn1:1.l", "btn3:1.l", "black", [ "h0" ] ],
    [ "btn3:1.l", "btn2:1.l", "black", [ "h0", "v48" ] ],
    [ "btn4:1.l", "btn2:1.l", "black", [ "h0" ] ],
    [ "esp:GND.2", "temp1:GND", "black", [ "v0", "h139.24" ] ],
    [ "temp1:VCC", "esp:3V3", "red", [ "v0", "h-259.2" ] ],
    [ "temp1:DQ", "esp:5", "gray", [ "v0" ] ],
    [ "ldr1:VCC", "temp1:VCC", "red", [ "h0", "v-144" ] ],
    [ "ldr1:GND", "temp1:GND", "black", [ "h9.6", "v-144.4" ] ],
    [ "ldr1:AO", "esp:4", "green", [ "h-211.2", "v-29.5", "h9.6" ] ],
    [ "esp:16", "r6:2", "green", [ "h43.24", "v182.4" ] ],
    [ "r5:2", "esp:17", "green", [ "v0", "h277.2", "v-249.6" ] ],
    [ "r4:2", "esp:23", "green", [ "v-9.6", "h286.8", "v-384" ] ],
    [ "r3:2", "esp:19", "green", [ "v-9.6", "h306", "v-384" ] ],
    [ "r2:2", "r6:1", "green", [ "v0", "h66" ] ],
    [ "btn1:1.l", "relay2:GND", "green", [ "h0" ] ],
    [ "r2:2", "esp:3V3", "green", [ "v0" ] ],
    [ "btn4:2.l", "r3:2", "green", [ "h0" ] ],
    [ "btn2:2.l", "r4:2", "green", [ "h0" ] ],
    [ "btn3:2.l", "r5:2", "green", [ "h0" ] ],
    [ "btn1:2.l", "r6:2", "green", [ "h0" ] ]
  ],
  "dependencies": {}
}